{"stats":{"minecraft:picked_up":{"minecraft:wooden_axe":1,"minecraft:barrier":53,"minecraft:repeater":1,"minecraft:heavy_weighted_pressure_plate":2,"minecraft:oak_sign":1,"minecraft:redstone_torch":1,"minecraft:redstone":2,"minecraft:sea_lantern":1,"minecraft:green_terracotta":16,"minecraft:polished_basalt":2},"minecraft:dropped":{"minecraft:note_block":1,"minecraft:daylight_detector":1,"minecraft:green_terracotta":16,"minecraft:cobblestone":1,"minecraft:oak_planks":1,"minecraft:stone_slab":1,"minecraft:light_gray_concrete":2,"minecraft:lodestone":1,"minecraft:wooden_axe":1,"minecraft:ladder":1,"minecraft:barrel":1},"minecraft:used":{"minecraft:calcite":23,"minecraft:moss_block":7,"minecraft:water_bucket":8,"minecraft:end_rod":3,"minecraft:lodestone":37,"minecraft:flint_and_steel":317,"minecraft:dead_tube_coral_fan":2,"minecraft:redstone":40,"minecraft:ladder":74,"minecraft:oak_planks":27,"minecraft:oak_sign":1,"minecraft:polished_basalt":1,"minecraft:spruce_planks":8,"minecraft:tinted_glass":38,"minecraft:stone":8,"minecraft:redstone_block":16,"minecraft:clay":37,"minecraft:oak_leaves":1,"minecraft:torch":3,"minecraft:light_gray_banner":16,"minecraft:tnt":75,"minecraft:cut_copper":7,"minecraft:oak_slab":45,"minecraft:blue_stained_glass":36,"minecraft:blast_furnace":11,"minecraft:yellow_concrete":33,"minecraft:note_block":1,"minecraft:gray_concrete":116,"minecraft:smoker":5,"minecraft:lightning_rod":11,"minecraft:obsidian":1,"minecraft:redstone_torch":9,"minecraft:sticky_piston":2,"minecraft:piston":18,"minecraft:lever":1,"minecraft:sea_lantern":41,"minecraft:black_concrete":31,"minecraft:daylight_detector":20,"minecraft:command_block":4,"minecraft:light_gray_concrete":322,"minecraft:heavy_weighted_pressure_plate":6,"minecraft:iron_block":19,"minecraft:grass_block":4,"minecraft:oak_stairs":13,"minecraft:barrier":53,"minecraft:polished_blackstone_brick_wall":2,"minecraft:stone_slab":31,"minecraft:barrel":19,"minecraft:dead_horn_coral":3,"minecraft:reinforced_deepslate":4,"minecraft:coal_block":15,"minecraft:glowstone":4,"minecraft:repeater":23,"minecraft:redstone_lamp":26,"minecraft:cobblestone":8,"minecraft:potion":2,"minecraft:black_stained_glass":40,"minecraft:iron_trapdoor":48,"minecraft:furnace":6,"minecraft:minecart":1,"minecraft:deepslate_coal_ore":4,"minecraft:ice":135,"minecraft:dragon_head":1,"minecraft:observer":1,"minecraft:jukebox":12,"minecraft:gray_stained_glass":70},"minecraft:custom":{"minecraft:interact_with_crafting_table":12,"minecraft:leave_game":4,"minecraft:time_since_death":302633,"minecraft:climb_one_cm":5289,"minecraft:time_since_rest":302633,"minecraft:sprint_one_cm":89796,"minecraft:walk_one_cm":147812,"minecraft:drop":27,"minecraft:damage_dealt":20,"minecraft:swim_one_cm":894,"minecraft:fly_one_cm":1858533,"minecraft:crouch_one_cm":10796,"minecraft:play_time":302633,"minecraft:sneak_time":7831,"minecraft:walk_under_water_one_cm":7794,"minecraft:jump":1129,"minecraft:interact_with_blast_furnace":3,"minecraft:walk_on_water_one_cm":13019,"minecraft:total_world_time":302633}},"DataVersion":3120}