{"stats":{"minecraft:used":{"minecraft:calcite":144,"minecraft:moss_block":152,"minecraft:water_bucket":38,"minecraft:diorite":40,"minecraft:sea_lantern":486,"minecraft:black_concrete":378,"minecraft:bookshelf":47,"minecraft:quartz_pillar":8,"minecraft:light_gray_concrete":419,"minecraft:barrier":314,"minecraft:oak_sign":1,"minecraft:andesite_slab":42,"minecraft:polished_basalt":311,"minecraft:stone_slab":67,"minecraft:tinted_glass":111,"minecraft:smooth_quartz":49,"minecraft:budding_amethyst":23,"minecraft:clay":5,"minecraft:oak_leaves":50,"minecraft:stripped_mangrove_log":87,"minecraft:chiseled_stone_bricks":5,"minecraft:coal_block":76,"minecraft:black_stained_glass":222,"minecraft:crafting_table":16,"minecraft:exposed_cut_copper":146,"minecraft:blue_stained_glass":62,"minecraft:white_stained_glass":13,"minecraft:stone_stairs":3,"minecraft:gray_concrete":1609,"minecraft:coarse_dirt":24},"minecraft:dropped":{"minecraft:sea_lantern":1,"minecraft:barrier":53,"minecraft:polished_basalt":3,"minecraft:oak_sign":1},"minecraft:custom":{"minecraft:time_since_rest":207741,"minecraft:sprint_one_cm":8144,"minecraft:walk_one_cm":59159,"minecraft:drop":58,"minecraft:fly_one_cm":2233414,"minecraft:interact_with_crafting_table":14,"minecraft:crouch_one_cm":13206,"minecraft:play_time":207741,"minecraft:sneak_time":15403,"minecraft:jump":269,"minecraft:interact_with_blast_furnace":2,"minecraft:leave_game":1,"minecraft:time_since_death":207741,"minecraft:walk_on_water_one_cm":420,"minecraft:total_world_time":207741,"minecraft:climb_one_cm":97}},"DataVersion":3120}